image_id,species_id,species_name,split,processed_relative_path
88,2,002.Laysan_Albatross,test,images\00088_Laysan_Albatross_0098_621.jpg
94,2,002.Laysan_Albatross,test,images\00094_Laysan_Albatross_0033_658.jpg
112,2,002.Laysan_Albatross,test,images\00112_Laysan_Albatross_0021_737.jpg
146,3,003.Sooty_Albatross,test,images\00146_Sooty_Albatross_0042_1210.jpg
131,3,003.Sooty_Albatross,train,images\00131_Sooty_Albatross_0070_796346.jpg
138,3,003.Sooty_Albatross,train,images\00138_Sooty_Albatross_0055_1160.jpg
180,4,004.Groove_billed_Ani,test,images\00180_Groove_Billed_Ani_0094_1540.jpg
213,4,004.Groove_billed_Ani,train,images\00213_Groove_Billed_Ani_0047_1706.jpg
243,5,005.Crested_Auklet,train,images\00243_Crested_Auklet_0010_794907.jpg
278,5,005.Crested_Auklet,train,images\00278_Crested_Auklet_0063_794901.jpg
240,5,005.Crested_Auklet,test,images\00240_Crested_Auklet_0042_794902.jpg
296,6,006.Least_Auklet,train,images\00296_Least_Auklet_0018_795077.jpg
302,6,006.Least_Auklet,train,images\00302_Least_Auklet_0027_795091.jpg
355,7,007.Parakeet_Auklet,train,images\00355_Parakeet_Auklet_0065_795969.jpg
329,7,007.Parakeet_Auklet,test,images\00329_Parakeet_Auklet_0072_795929.jpg
339,7,007.Parakeet_Auklet,train,images\00339_Parakeet_Auklet_0028_795944.jpg
416,8,008.Rhinoceros_Auklet,train,images\00416_Rhinoceros_Auklet_0017_2155.jpg
419,8,008.Rhinoceros_Auklet,test,images\00419_Rhinoceros_Auklet_0048_2162.jpg
451,9,009.Brewer_Blackbird,test,images\00451_Brewer_Blackbird_0066_2693.jpg
457,9,009.Brewer_Blackbird,test,images\00457_Brewer_Blackbird_0080_2234.jpg
485,10,010.Red_winged_Blackbird,train,images\00485_Red_Winged_Blackbird_0059_4612.jpg
487,10,010.Red_winged_Blackbird,test,images\00487_Red_Winged_Blackbird_0022_4483.jpg
489,10,010.Red_winged_Blackbird,train,images\00489_Red_Winged_Blackbird_0079_4527.jpg
557,11,011.Rusty_Blackbird,train,images\00557_Rusty_Blackbird_0085_6713.jpg
558,11,011.Rusty_Blackbird,test,images\00558_Rusty_Blackbird_0051_6715.jpg
620,12,012.Yellow_headed_Blackbird,train,images\00620_Yellow_Headed_Blackbird_0041_8264.jpg
626,12,012.Yellow_headed_Blackbird,train,images\00626_Yellow_Headed_Blackbird_0026_8545.jpg
628,12,012.Yellow_headed_Blackbird,train,images\00628_Yellow_Headed_Blackbird_0020_8549.jpg
660,13,013.Bobolink,train,images\00660_Bobolink_0107_10252.jpg
667,13,013.Bobolink,train,images\00667_Bobolink_0033_10809.jpg
686,13,013.Bobolink,test,images\00686_Bobolink_0067_11533.jpg
736,14,014.Indigo_Bunting,train,images\00736_Indigo_Bunting_0059_11596.jpg
738,14,014.Indigo_Bunting,test,images\00738_Indigo_Bunting_0015_12632.jpg
741,14,014.Indigo_Bunting,train,images\00741_Indigo_Bunting_0018_11883.jpg
784,15,015.Lazuli_Bunting,train,images\00784_Lazuli_Bunting_0034_14864.jpg
785,15,015.Lazuli_Bunting,test,images\00785_Lazuli_Bunting_0101_14873.jpg
791,15,015.Lazuli_Bunting,train,images\00791_Lazuli_Bunting_0027_14895.jpg
839,16,016.Painted_Bunting,test,images\00839_Painted_Bunting_0004_16641.jpg
847,16,016.Painted_Bunting,test,images\00847_Painted_Bunting_0040_16691.jpg
848,16,016.Painted_Bunting,test,images\00848_Painted_Bunting_0010_16948.jpg
898,17,017.Cardinal,train,images\00898_Cardinal_0085_19162.jpg
905,17,017.Cardinal,test,images\00905_Cardinal_0006_17684.jpg
920,17,017.Cardinal,train,images\00920_Cardinal_0079_19044.jpg
957,18,018.Spotted_Catbird,train,images\00957_Spotted_Catbird_0004_796804.jpg
964,18,018.Spotted_Catbird,train,images\00964_Spotted_Catbird_0039_796811.jpg
998,19,019.Gray_Catbird,test,images\00998_Gray_Catbird_0043_21008.jpg
999,19,019.Gray_Catbird,test,images\00999_Gray_Catbird_0032_21551.jpg
1009,19,019.Gray_Catbird,test,images\01009_Gray_Catbird_0130_20328.jpg
1066,20,020.Yellow_breasted_Chat,test,images\01066_Yellow_Breasted_Chat_0011_21820.jpg
1073,20,020.Yellow_breasted_Chat,train,images\01073_Yellow_Breasted_Chat_0026_21845.jpg
1116,21,021.Eastern_Towhee,test,images\01116_Eastern_Towhee_0122_22538.jpg
1122,21,021.Eastern_Towhee,train,images\01122_Eastern_Towhee_0099_22566.jpg
1192,22,022.Chuck_will_Widow,test,images\01192_Chuck_Will_Widow_0010_796964.jpg
1238,23,023.Brandt_Cormorant,train,images\01238_Brandt_Cormorant_0025_22820.jpg
1240,23,023.Brandt_Cormorant,test,images\01240_Brandt_Cormorant_0018_23090.jpg
1311,24,024.Red_faced_Cormorant,train,images\01311_Red_Faced_Cormorant_0056_796297.jpg
1403,26,026.Bronzed_Cowbird,train,images\01403_Bronzed_Cowbird_0027_24022.jpg
1412,26,026.Bronzed_Cowbird,test,images\01412_Bronzed_Cowbird_0091_796212.jpg
1467,27,027.Shiny_Cowbird,test,images\01467_Shiny_Cowbird_0057_24345.jpg
1470,27,027.Shiny_Cowbird,train,images\01470_Shiny_Cowbird_0066_24358.jpg
1472,27,027.Shiny_Cowbird,train,images\01472_Shiny_Cowbird_0076_24363.jpg
1560,28,028.Brown_Creeper,test,images\01560_Brown_Creeper_0124_24963.jpg
1562,28,028.Brown_Creeper,train,images\01562_Brown_Creeper_0083_24967.jpg
1531,28,028.Brown_Creeper,test,images\01531_Brown_Creeper_0079_24647.jpg
1582,29,029.American_Crow,train,images\01582_American_Crow_0117_25090.jpg
1667,30,030.Fish_Crow,test,images\01667_Fish_Crow_0012_25946.jpg
1708,31,031.Black_billed_Cuckoo,test,images\01708_Black_Billed_Cuckoo_0076_26177.jpg
1718,31,031.Black_billed_Cuckoo,test,images\01718_Black_Billed_Cuckoo_0018_26218.jpg
1808,32,032.Mangrove_Cuckoo,train,images\01808_Mangrove_Cuckoo_0004_794614.jpg
1810,32,032.Mangrove_Cuckoo,train,images\01810_Mangrove_Cuckoo_0046_794616.jpg
1818,33,033.Yellow_billed_Cuckoo,train,images\01818_Yellow_Billed_Cuckoo_0027_26844.jpg
1820,33,033.Yellow_billed_Cuckoo,train,images\01820_Yellow_Billed_Cuckoo_0082_26655.jpg
1830,33,033.Yellow_billed_Cuckoo,train,images\01830_Yellow_Billed_Cuckoo_0093_26432.jpg
1875,34,034.Gray_crowned_Rosy_Finch,train,images\01875_Gray_Crowned_Rosy_Finch_0042_27143.jpg
1882,34,034.Gray_crowned_Rosy_Finch,test,images\01882_Gray_Crowned_Rosy_Finch_0019_27192.jpg
1887,34,034.Gray_crowned_Rosy_Finch,test,images\01887_Gray_Crowned_Rosy_Finch_0018_26978.jpg
1938,35,035.Purple_Finch,train,images\01938_Purple_Finch_0050_27702.jpg
1941,35,035.Purple_Finch,train,images\01941_Purple_Finch_0110_27750.jpg
1944,35,035.Purple_Finch,test,images\01944_Purple_Finch_0119_27260.jpg
1996,36,036.Northern_Flicker,test,images\01996_Northern_Flicker_0093_28700.jpg
1998,36,036.Northern_Flicker,train,images\01998_Northern_Flicker_0075_28729.jpg
2006,36,036.Northern_Flicker,test,images\02006_Northern_Flicker_0099_28312.jpg
2033,36,036.Northern_Flicker,train,images\02033_Northern_Flicker_0011_28466.jpg
2061,37,037.Acadian_Flycatcher,train,images\02061_Acadian_Flycatcher_0009_29155.jpg
2074,37,037.Acadian_Flycatcher,test,images\02074_Acadian_Flycatcher_0049_795580.jpg
2081,37,037.Acadian_Flycatcher,test,images\02081_Acadian_Flycatcher_0042_29127.jpg
2112,38,038.Great_Crested_Flycatcher,test,images\02112_Great_Crested_Flycatcher_0028_29696.jpg
2117,38,038.Great_Crested_Flycatcher,train,images\02117_Great_Crested_Flycatcher_0038_29533.jpg
2130,38,038.Great_Crested_Flycatcher,train,images\02130_Great_Crested_Flycatcher_0099_29305.jpg
2182,39,039.Least_Flycatcher,train,images\02182_Least_Flycatcher_0095_30277.jpg
2199,39,039.Least_Flycatcher,train,images\02199_Least_Flycatcher_0049_30361.jpg
2202,39,039.Least_Flycatcher,train,images\02202_Least_Flycatcher_0076_30117.jpg
2204,39,039.Least_Flycatcher,test,images\02204_Least_Flycatcher_0087_30123.jpg
2239,40,040.Olive_sided_Flycatcher,test,images\02239_Olive_Sided_Flycatcher_0031_30502.jpg
2277,40,040.Olive_sided_Flycatcher,train,images\02277_Olive_Sided_Flycatcher_0023_796887.jpg
2282,40,040.Olive_sided_Flycatcher,test,images\02282_Olive_Sided_Flycatcher_0081_796895.jpg
2301,41,041.Scissor_tailed_Flycatcher,train,images\02301_Scissor_Tailed_Flycatcher_0035_42025.jpg
2311,41,041.Scissor_tailed_Flycatcher,train,images\02311_Scissor_Tailed_Flycatcher_0069_41827.jpg
2312,41,041.Scissor_tailed_Flycatcher,test,images\02312_Scissor_Tailed_Flycatcher_0072_42085.jpg
2357,42,042.Vermilion_Flycatcher,test,images\02357_Vermilion_Flycatcher_0059_42261.jpg
2358,42,042.Vermilion_Flycatcher,test,images\02358_Vermilion_Flycatcher_0038_42262.jpg
2360,42,042.Vermilion_Flycatcher,test,images\02360_Vermilion_Flycatcher_0030_42523.jpg
2412,43,043.Yellow_bellied_Flycatcher,test,images\02412_Yellow_Bellied_Flycatcher_0050_42598.jpg
2420,43,043.Yellow_bellied_Flycatcher,train,images\02420_Yellow_Bellied_Flycatcher_0045_42575.jpg
2425,43,043.Yellow_bellied_Flycatcher,train,images\02425_Yellow_Bellied_Flycatcher_0038_795477.jpg
2427,43,043.Yellow_bellied_Flycatcher,test,images\02427_Yellow_Bellied_Flycatcher_0061_795479.jpg
2471,44,044.Frigatebird,train,images\02471_Frigatebird_0057_43016.jpg
2478,44,044.Frigatebird,train,images\02478_Frigatebird_0119_43042.jpg
2540,45,045.Northern_Fulmar,test,images\02540_Northern_Fulmar_0053_43843.jpg
2545,45,045.Northern_Fulmar,train,images\02545_Northern_Fulmar_0058_44114.jpg
2658,47,047.American_Goldfinch,test,images\02658_American_Goldfinch_0018_32324.jpg
2660,47,047.American_Goldfinch,test,images\02660_American_Goldfinch_0012_32338.jpg
2662,47,047.American_Goldfinch,test,images\02662_American_Goldfinch_0115_32362.jpg
2718,48,048.European_Goldfinch,train,images\02718_European_Goldfinch_0041_794645.jpg
2721,48,048.European_Goldfinch,train,images\02721_European_Goldfinch_0090_794648.jpg
2729,48,048.European_Goldfinch,train,images\02729_European_Goldfinch_0103_794664.jpg
2775,49,049.Boat_tailed_Grackle,train,images\02775_Boat_Tailed_Grackle_0086_33818.jpg
2803,49,049.Boat_tailed_Grackle,test,images\02803_Boat_Tailed_Grackle_0065_33423.jpg
3070,54,054.Blue_Grosbeak,train,images\03070_Blue_Grosbeak_0066_36632.jpg
3078,54,054.Blue_Grosbeak,test,images\03078_Blue_Grosbeak_0109_36914.jpg
3079,54,054.Blue_Grosbeak,train,images\03079_Blue_Grosbeak_0031_37173.jpg
3132,55,055.Evening_Grosbeak,train,images\03132_Evening_Grosbeak_0057_37392.jpg
3135,55,055.Evening_Grosbeak,test,images\03135_Evening_Grosbeak_0024_37404.jpg
3206,56,056.Pine_Grosbeak,test,images\03206_Pine_Grosbeak_0071_38207.jpg
3207,56,056.Pine_Grosbeak,train,images\03207_Pine_Grosbeak_0012_38466.jpg
3208,56,056.Pine_Grosbeak,train,images\03208_Pine_Grosbeak_0068_38981.jpg
3209,56,056.Pine_Grosbeak,train,images\03209_Pine_Grosbeak_0002_38214.jpg
3216,56,056.Pine_Grosbeak,test,images\03216_Pine_Grosbeak_0029_38995.jpg
3252,57,057.Rose_breasted_Grosbeak,test,images\03252_Rose_Breasted_Grosbeak_0045_39489.jpg
3257,57,057.Rose_breasted_Grosbeak,test,images\03257_Rose_Breasted_Grosbeak_0014_39037.jpg
3336,58,058.Pigeon_Guillemot,train,images\03336_Pigeon_Guillemot_0041_39807.jpg
3360,58,058.Pigeon_Guillemot,train,images\03360_Pigeon_Guillemot_0098_39902.jpg
3327,58,058.Pigeon_Guillemot,test,images\03327_Pigeon_Guillemot_0040_40270.jpg
3381,59,059.California_Gull,train,images\03381_California_Gull_0052_41047.jpg
3370,59,059.California_Gull,test,images\03370_California_Gull_0067_40973.jpg
3372,59,059.California_Gull,test,images\03372_California_Gull_0102_40986.jpg
3481,60,060.Glaucous_winged_Gull,train,images\03481_Glaucous_Winged_Gull_0045_44906.jpg
3428,60,060.Glaucous_winged_Gull,test,images\03428_Glaucous_Winged_Gull_0136_45059.jpg
3429,60,060.Glaucous_winged_Gull,train,images\03429_Glaucous_Winged_Gull_0087_44550.jpg
3501,61,061.Heermann_Gull,train,images\03501_Heermann_Gull_0130_45700.jpg
3512,61,061.Heermann_Gull,train,images\03512_Heermann_Gull_0032_45774.jpg
3487,61,061.Heermann_Gull,test,images\03487_Heermann_Gull_0093_45576.jpg
3488,61,061.Heermann_Gull,train,images\03488_Heermann_Gull_0076_45597.jpg
3576,62,062.Herring_Gull,test,images\03576_Herring_Gull_0087_47841.jpg
3547,62,062.Herring_Gull,test,images\03547_Herring_Gull_0049_46508.jpg
3549,62,062.Herring_Gull,test,images\03549_Herring_Gull_0115_47123.jpg
3640,63,063.Ivory_Gull,train,images\03640_Ivory_Gull_0005_49021.jpg
3609,63,063.Ivory_Gull,train,images\03609_Ivory_Gull_0039_49412.jpg
3610,63,063.Ivory_Gull,train,images\03610_Ivory_Gull_0052_50013.jpg
3671,64,064.Ring_billed_Gull,train,images\03671_Ring_Billed_Gull_0074_52258.jpg
3681,64,064.Ring_billed_Gull,train,images\03681_Ring_Billed_Gull_0033_51288.jpg
3682,64,064.Ring_billed_Gull,test,images\03682_Ring_Billed_Gull_0085_51292.jpg
3743,65,065.Slaty_backed_Gull,train,images\03743_Slaty_Backed_Gull_0077_796017.jpg
3766,65,065.Slaty_backed_Gull,test,images\03766_Slaty_Backed_Gull_0036_796053.jpg
3732,65,065.Slaty_backed_Gull,test,images\03732_Slaty_Backed_Gull_0007_53334.jpg
3739,65,065.Slaty_backed_Gull,train,images\03739_Slaty_Backed_Gull_0020_796012.jpg
3778,66,066.Western_Gull,test,images\03778_Western_Gull_0048_53776.jpg
3779,66,066.Western_Gull,test,images\03779_Western_Gull_0078_53595.jpg
3781,66,066.Western_Gull,train,images\03781_Western_Gull_0051_54320.jpg
3782,66,066.Western_Gull,test,images\03782_Western_Gull_0104_53816.jpg
3841,67,067.Anna_Hummingbird,train,images\03841_Anna_Hummingbird_0023_55841.jpg
3872,67,067.Anna_Hummingbird,train,images\03872_Anna_Hummingbird_0102_56087.jpg
3906,68,068.Ruby_throated_Hummingbird,train,images\03906_Ruby_Throated_Hummingbird_0064_57387.jpg
3950,68,068.Ruby_throated_Hummingbird,train,images\03950_Ruby_Throated_Hummingbird_0084_58311.jpg
3960,69,069.Rufous_Hummingbird,test,images\03960_Rufous_Hummingbird_0002_58387.jpg
4014,69,069.Rufous_Hummingbird,test,images\04014_Rufous_Hummingbird_0121_59376.jpg
4015,69,069.Rufous_Hummingbird,train,images\04015_Rufous_Hummingbird_0120_59900.jpg
4022,70,070.Green_Violetear,train,images\04022_Green_Violetear_0005_795666.jpg
4045,70,070.Green_Violetear,test,images\04045_Green_Violetear_0044_795717.jpg
4019,70,070.Green_Violetear,train,images\04019_Green_Violetear_0060_795657.jpg
4024,70,070.Green_Violetear,train,images\04024_Green_Violetear_0047_795677.jpg
4077,71,071.Long_tailed_Jaeger,test,images\04077_Long_Tailed_Jaeger_0025_60937.jpg
4080,71,071.Long_tailed_Jaeger,test,images\04080_Long_Tailed_Jaeger_0033_60955.jpg
4105,71,071.Long_tailed_Jaeger,train,images\04105_Long_Tailed_Jaeger_0018_61081.jpg
4138,72,072.Pomarine_Jaeger,test,images\04138_Pomarine_Jaeger_0030_61447.jpg
4148,72,072.Pomarine_Jaeger,test,images\04148_Pomarine_Jaeger_0058_795746.jpg
4199,73,073.Blue_Jay,train,images\04199_Blue_Jay_0052_63148.jpg
4203,73,073.Blue_Jay,train,images\04203_Blue_Jay_0013_61463.jpg
4232,73,073.Blue_Jay,train,images\04232_Blue_Jay_0078_62351.jpg
4264,74,074.Florida_Jay,test,images\04264_Florida_Jay_0103_64537.jpg
4272,74,074.Florida_Jay,train,images\04272_Florida_Jay_0018_64994.jpg
4330,75,075.Green_Jay,test,images\04330_Green_Jay_0052_66174.jpg
4341,75,075.Green_Jay,train,images\04341_Green_Jay_0003_65767.jpg
4356,75,075.Green_Jay,train,images\04356_Green_Jay_0086_65847.jpg
4377,76,076.Dark_eyed_Junco,test,images\04377_Dark_Eyed_Junco_0106_68139.jpg
4382,76,076.Dark_eyed_Junco,test,images\04382_Dark_Eyed_Junco_0017_67676.jpg
4391,76,076.Dark_eyed_Junco,train,images\04391_Dark_Eyed_Junco_0088_66722.jpg
4438,77,077.Tropical_Kingbird,test,images\04438_Tropical_Kingbird_0068_69397.jpg
4448,77,077.Tropical_Kingbird,train,images\04448_Tropical_Kingbird_0096_69684.jpg
4457,77,077.Tropical_Kingbird,test,images\04457_Tropical_Kingbird_0038_69455.jpg
4494,78,078.Gray_Kingbird,train,images\04494_Gray_Kingbird_0025_70152.jpg
4505,78,078.Gray_Kingbird,test,images\04505_Gray_Kingbird_0014_70227.jpg
4508,78,078.Gray_Kingbird,train,images\04508_Gray_Kingbird_0009_795023.jpg
4558,79,079.Belted_Kingfisher,train,images\04558_Belted_Kingfisher_0040_70432.jpg
4560,79,079.Belted_Kingfisher,test,images\04560_Belted_Kingfisher_0094_70698.jpg
4563,79,079.Belted_Kingfisher,train,images\04563_Belted_Kingfisher_0087_70724.jpg
4584,79,079.Belted_Kingfisher,test,images\04584_Belted_Kingfisher_0108_70554.jpg
4619,80,080.Green_Kingfisher,train,images\04619_Green_Kingfisher_0016_71198.jpg
4620,80,080.Green_Kingfisher,train,images\04620_Green_Kingfisher_0066_71200.jpg
4675,81,081.Pied_Kingfisher,test,images\04675_Pied_Kingfisher_0002_71698.jpg
4703,81,081.Pied_Kingfisher,train,images\04703_Pied_Kingfisher_0051_71429.jpg
4738,82,082.Ringed_Kingfisher,train,images\04738_Ringed_Kingfisher_0011_72982.jpg
4754,82,082.Ringed_Kingfisher,test,images\04754_Ringed_Kingfisher_0025_72795.jpg
4761,82,082.Ringed_Kingfisher,test,images\04761_Ringed_Kingfisher_0091_72839.jpg
4805,83,083.White_breasted_Kingfisher,test,images\04805_White_Breasted_Kingfisher_0047_73251.jpg
4848,83,083.White_breasted_Kingfisher,train,images\04848_White_Breasted_Kingfisher_0118_73511.jpg
4859,84,084.Red_legged_Kittiwake,train,images\04859_Red_Legged_Kittiwake_0067_795401.jpg
4866,84,084.Red_legged_Kittiwake,test,images\04866_Red_Legged_Kittiwake_0058_795417.jpg
4909,85,085.Horned_Lark,test,images\04909_Horned_Lark_0065_74279.jpg
4912,85,085.Horned_Lark,train,images\04912_Horned_Lark_0015_74855.jpg
5087,88,088.Western_Meadowlark,train,images\05087_Western_Meadowlark_0120_77834.jpg
5091,88,088.Western_Meadowlark,train,images\05091_Western_Meadowlark_0038_77785.jpg
5095,88,088.Western_Meadowlark,test,images\05095_Western_Meadowlark_0116_77862.jpg
5267,91,091.Mockingbird,train,images\05267_Mockingbird_0096_79878.jpg
5272,91,091.Mockingbird,test,images\05272_Mockingbird_0006_79819.jpg
5327,92,092.Nighthawk,train,images\05327_Nighthawk_0041_82183.jpg
5333,92,092.Nighthawk,train,images\05333_Nighthawk_0004_84011.jpg
5386,93,093.Clark_Nutcracker,test,images\05386_Clark_Nutcracker_0096_84996.jpg
5399,93,093.Clark_Nutcracker,test,images\05399_Clark_Nutcracker_0126_85134.jpg
5411,93,093.Clark_Nutcracker,test,images\05411_Clark_Nutcracker_0072_85742.jpg
5447,94,094.White_breasted_Nuthatch,test,images\05447_White_Breasted_Nuthatch_0014_86023.jpg
5448,94,094.White_breasted_Nuthatch,test,images\05448_White_Breasted_Nuthatch_0003_86029.jpg
5506,95,095.Baltimore_Oriole,test,images\05506_Baltimore_Oriole_0127_87560.jpg
5508,95,095.Baltimore_Oriole,test,images\05508_Baltimore_Oriole_0090_87054.jpg
5509,95,095.Baltimore_Oriole,test,images\05509_Baltimore_Oriole_0060_89616.jpg
5513,95,095.Baltimore_Oriole,train,images\05513_Baltimore_Oriole_0021_87089.jpg
5514,95,095.Baltimore_Oriole,train,images\05514_Baltimore_Oriole_0133_87602.jpg
5570,96,096.Hooded_Oriole,test,images\05570_Hooded_Oriole_0024_90157.jpg
5574,96,096.Hooded_Oriole,test,images\05574_Hooded_Oriole_0127_90200.jpg
5577,96,096.Hooded_Oriole,train,images\05577_Hooded_Oriole_0070_90221.jpg
5628,97,097.Orchard_Oriole,train,images\05628_Orchard_Oriole_0082_91654.jpg
5629,97,097.Orchard_Oriole,train,images\05629_Orchard_Oriole_0048_91393.jpg
5631,97,097.Orchard_Oriole,train,images\05631_Orchard_Oriole_0084_91658.jpg
5688,98,098.Scott_Oriole,train,images\05688_Scott_Oriole_0085_92206.jpg
5698,98,098.Scott_Oriole,train,images\05698_Scott_Oriole_0042_795844.jpg
5700,98,098.Scott_Oriole,test,images\05700_Scott_Oriole_0053_795805.jpg
5747,99,099.Ovenbird,train,images\05747_Ovenbird_0032_93199.jpg
5750,99,099.Ovenbird,train,images\05750_Ovenbird_0022_92702.jpg
5751,99,099.Ovenbird,test,images\05751_Ovenbird_0093_92705.jpg
5752,99,099.Ovenbird,test,images\05752_Ovenbird_0033_93232.jpg
5811,100,100.Brown_Pelican,train,images\05811_Brown_Pelican_0086_93757.jpg
5816,100,100.Brown_Pelican,test,images\05816_Brown_Pelican_0073_94823.jpg
5822,100,100.Brown_Pelican,train,images\05822_Brown_Pelican_0010_94370.jpg
5922,102,102.Western_Wood_Pewee,train,images\05922_Western_Wood_Pewee_0046_98113.jpg
5928,102,102.Western_Wood_Pewee,test,images\05928_Western_Wood_Pewee_0077_98133.jpg
5937,102,102.Western_Wood_Pewee,train,images\05937_Western_Wood_Pewee_0011_98205.jpg
5955,102,102.Western_Wood_Pewee,test,images\05955_Western_Wood_Pewee_0051_98206.jpg
5961,102,102.Western_Wood_Pewee,train,images\05961_Western_Wood_Pewee_0076_98002.jpg
5979,103,103.Sayornis,train,images\05979_Sayornis_0086_98829.jpg
5989,103,103.Sayornis,test,images\05989_Sayornis_0042_98874.jpg
6039,104,104.American_Pipit,train,images\06039_American_Pipit_0006_99857.jpg
6040,104,104.American_Pipit,train,images\06040_American_Pipit_0031_99607.jpg
6042,104,104.American_Pipit,train,images\06042_American_Pipit_0082_99867.jpg
6044,104,104.American_Pipit,train,images\06044_American_Pipit_0008_100390.jpg
6129,105,105.Whip_poor_Will,test,images\06129_Whip_Poor_Will_0029_796432.jpg
6108,105,105.Whip_poor_Will,train,images\06108_Whip_Poor_Will_0017_796429.jpg
6150,106,106.Horned_Puffin,test,images\06150_Horned_Puffin_0074_100886.jpg
6169,106,106.Horned_Puffin,train,images\06169_Horned_Puffin_0066_100877.jpg
6185,106,106.Horned_Puffin,train,images\06185_Horned_Puffin_0028_100765.jpg
6196,106,106.Horned_Puffin,train,images\06196_Horned_Puffin_0031_100804.jpg
6213,107,107.Common_Raven,train,images\06213_Common_Raven_0072_102443.jpg
6221,107,107.Common_Raven,test,images\06221_Common_Raven_0060_102013.jpg
6225,107,107.Common_Raven,test,images\06225_Common_Raven_0036_102025.jpg
6279,108,108.White_necked_Raven,test,images\06279_White_Necked_Raven_0015_102593.jpg
6296,108,108.White_necked_Raven,train,images\06296_White_Necked_Raven_0063_797361.jpg
6305,108,108.White_necked_Raven,train,images\06305_White_Necked_Raven_0050_797374.jpg
6323,109,109.American_Redstart,test,images\06323_American_Redstart_0094_103425.jpg
6324,109,109.American_Redstart,test,images\06324_American_Redstart_0044_103433.jpg
6337,109,109.American_Redstart,train,images\06337_American_Redstart_0118_103033.jpg
6391,110,110.Geococcyx,train,images\06391_Geococcyx_0061_104553.jpg
6394,110,110.Geococcyx,train,images\06394_Geococcyx_0091_104301.jpg
6438,110,110.Geococcyx,test,images\06438_Geococcyx_0012_104352.jpg
6446,111,111.Loggerhead_Shrike,train,images\06446_Loggerhead_Shrike_0036_105904.jpg
6454,111,111.Loggerhead_Shrike,test,images\06454_Loggerhead_Shrike_0115_105575.jpg
6512,112,112.Great_Grey_Shrike,test,images\06512_Great_Grey_Shrike_0053_106792.jpg
6513,112,112.Great_Grey_Shrike,train,images\06513_Great_Grey_Shrike_0032_797021.jpg
6515,112,112.Great_Grey_Shrike,train,images\06515_Great_Grey_Shrike_0003_106552.jpg
6578,113,113.Baird_Sparrow,test,images\06578_Baird_Sparrow_0037_794562.jpg
6581,113,113.Baird_Sparrow,test,images\06581_Baird_Sparrow_0005_794565.jpg
6591,113,113.Baird_Sparrow,train,images\06591_Baird_Sparrow_0010_794575.jpg
6620,114,114.Black_throated_Sparrow,test,images\06620_Black_Throated_Sparrow_0003_107035.jpg
6632,114,114.Black_throated_Sparrow,train,images\06632_Black_Throated_Sparrow_0091_107346.jpg
6673,115,115.Brewer_Sparrow,test,images\06673_Brewer_Sparrow_0034_796693.jpg
6679,115,115.Brewer_Sparrow,test,images\06679_Brewer_Sparrow_0007_796700.jpg
6683,115,115.Brewer_Sparrow,train,images\06683_Brewer_Sparrow_0049_796705.jpg
6687,115,115.Brewer_Sparrow,train,images\06687_Brewer_Sparrow_0041_796711.jpg
6734,116,116.Chipping_Sparrow,train,images\06734_Chipping_Sparrow_0066_109187.jpg
6743,116,116.Chipping_Sparrow,train,images\06743_Chipping_Sparrow_0011_108081.jpg
6794,117,117.Clay_colored_Sparrow,train,images\06794_Clay_Colored_Sparrow_0002_110606.jpg
6797,117,117.Clay_colored_Sparrow,test,images\06797_Clay_Colored_Sparrow_0001_110632.jpg
6801,117,117.Clay_colored_Sparrow,test,images\06801_Clay_Colored_Sparrow_0042_797243.jpg
6802,117,117.Clay_colored_Sparrow,test,images\06802_Clay_Colored_Sparrow_0048_110653.jpg
6853,118,118.House_Sparrow,test,images\06853_House_Sparrow_0125_111130.jpg
6857,118,118.House_Sparrow,train,images\06857_House_Sparrow_0059_111164.jpg
6860,118,118.House_Sparrow,test,images\06860_House_Sparrow_0041_112706.jpg
6913,119,119.Field_Sparrow,test,images\06913_Field_Sparrow_0118_113416.jpg
6914,119,119.Field_Sparrow,train,images\06914_Field_Sparrow_0011_113420.jpg
6970,120,120.Fox_Sparrow,test,images\06970_Fox_Sparrow_0065_114945.jpg
6971,120,120.Fox_Sparrow,train,images\06971_Fox_Sparrow_0041_115218.jpg
6976,120,120.Fox_Sparrow,test,images\06976_Fox_Sparrow_0135_115251.jpg
7031,121,121.Grasshopper_Sparrow,train,images\07031_Grasshopper_Sparrow_0039_115980.jpg
7033,121,121.Grasshopper_Sparrow,test,images\07033_Grasshopper_Sparrow_0009_115984.jpg
7035,121,121.Grasshopper_Sparrow,train,images\07035_Grasshopper_Sparrow_0073_115996.jpg
7091,122,122.Harris_Sparrow,test,images\07091_Harris_Sparrow_0007_116484.jpg
7093,122,122.Harris_Sparrow,train,images\07093_Harris_Sparrow_0038_116610.jpg
7100,122,122.Harris_Sparrow,test,images\07100_Harris_Sparrow_0084_116519.jpg
7156,123,123.Henslow_Sparrow,train,images\07156_Henslow_Sparrow_0009_796611.jpg
7158,123,123.Henslow_Sparrow,train,images\07158_Henslow_Sparrow_0113_116801.jpg
7163,123,123.Henslow_Sparrow,train,images\07163_Henslow_Sparrow_0069_116832.jpg
7210,124,124.Le_Conte_Sparrow,test,images\07210_Le_Conte_Sparrow_0005_795137.jpg
7214,124,124.Le_Conte_Sparrow,train,images\07214_Le_Conte_Sparrow_0007_795148.jpg
7221,124,124.Le_Conte_Sparrow,train,images\07221_Le_Conte_Sparrow_0045_795162.jpg
7270,125,125.Lincoln_Sparrow,train,images\07270_Lincoln_Sparrow_0108_117773.jpg
7272,125,125.Lincoln_Sparrow,train,images\07272_Lincoln_Sparrow_0110_117264.jpg
7274,125,125.Lincoln_Sparrow,train,images\07274_Lincoln_Sparrow_0119_117270.jpg
7328,126,126.Nelson_Sharp_tailed_Sparrow,train,images\07328_Nelson_Sharp_Tailed_Sparrow_0068_796930.jpg
7351,126,126.Nelson_Sharp_tailed_Sparrow,test,images\07351_Nelson_Sharp_Tailed_Sparrow_0016_118077.jpg
7387,127,127.Savannah_Sparrow,test,images\07387_Savannah_Sparrow_0048_120321.jpg
7388,127,127.Savannah_Sparrow,test,images\07388_Savannah_Sparrow_0023_120326.jpg
7391,127,127.Savannah_Sparrow,test,images\07391_Savannah_Sparrow_0106_118294.jpg
7392,127,127.Savannah_Sparrow,train,images\07392_Savannah_Sparrow_0079_118817.jpg
7476,128,128.Seaside_Sparrow,test,images\07476_Seaside_Sparrow_0003_796539.jpg
7513,129,129.Song_Sparrow,train,images\07513_Song_Sparrow_0061_120891.jpg
7517,129,129.Song_Sparrow,train,images\07517_Song_Sparrow_0044_121931.jpg
7568,130,130.Tree_Sparrow,train,images\07568_Tree_Sparrow_0122_123927.jpg
7569,130,130.Tree_Sparrow,train,images\07569_Tree_Sparrow_0077_123417.jpg
7573,130,130.Tree_Sparrow,test,images\07573_Tree_Sparrow_0066_123569.jpg
7630,131,131.Vesper_Sparrow,test,images\07630_Vesper_Sparrow_0065_125446.jpg
7633,131,131.Vesper_Sparrow,train,images\07633_Vesper_Sparrow_0087_125712.jpg
7695,132,132.White_crowned_Sparrow,train,images\07695_White_Crowned_Sparrow_0114_127027.jpg
7701,132,132.White_crowned_Sparrow,test,images\07701_White_Crowned_Sparrow_0109_128529.jpg
7749,133,133.White_throated_Sparrow,test,images\07749_White_Throated_Sparrow_0082_129048.jpg
7752,133,133.White_throated_Sparrow,train,images\07752_White_Throated_Sparrow_0002_129057.jpg
7825,134,134.Cape_Glossy_Starling,test,images\07825_Cape_Glossy_Starling_0018_129356.jpg
7831,134,134.Cape_Glossy_Starling,train,images\07831_Cape_Glossy_Starling_0076_129377.jpg
7838,134,134.Cape_Glossy_Starling,train,images\07838_Cape_Glossy_Starling_0048_129397.jpg
7876,135,135.Bank_Swallow,train,images\07876_Bank_Swallow_0057_129499.jpg
7907,135,135.Bank_Swallow,test,images\07907_Bank_Swallow_0029_129751.jpg
7932,136,136.Barn_Swallow,test,images\07932_Barn_Swallow_0050_130095.jpg
7937,136,136.Barn_Swallow,train,images\07937_Barn_Swallow_0073_131389.jpg
7957,136,136.Barn_Swallow,train,images\07957_Barn_Swallow_0049_130181.jpg
7991,137,137.Cliff_Swallow,test,images\07991_Cliff_Swallow_0042_133646.jpg
8030,137,137.Cliff_Swallow,test,images\08030_Cliff_Swallow_0085_134338.jpg
8049,138,138.Tree_Swallow,test,images\08049_Tree_Swallow_0100_137493.jpg
8054,138,138.Tree_Swallow,test,images\08054_Tree_Swallow_0107_136223.jpg
8106,139,139.Scarlet_Tanager,test,images\08106_Scarlet_Tanager_0116_138242.jpg
8111,139,139.Scarlet_Tanager,test,images\08111_Scarlet_Tanager_0068_137758.jpg
8114,139,139.Scarlet_Tanager,train,images\08114_Scarlet_Tanager_0089_138281.jpg
8186,140,140.Summer_Tanager,test,images\08186_Summer_Tanager_0023_139859.jpg
8187,140,140.Summer_Tanager,train,images\08187_Summer_Tanager_0111_139605.jpg
8279,141,141.Artic_Tern,train,images\08279_Artic_Tern_0063_142495.jpg
8226,141,141.Artic_Tern,train,images\08226_Artic_Tern_0032_141313.jpg
8286,142,142.Black_Tern,train,images\08286_Black_Tern_0090_143880.jpg
8315,142,142.Black_Tern,test,images\08315_Black_Tern_0048_144001.jpg
8328,142,142.Black_Tern,test,images\08328_Black_Tern_0101_144331.jpg
8358,143,143.Caspian_Tern,train,images\08358_Caspian_Tern_0105_145673.jpg
8361,143,143.Caspian_Tern,train,images\08361_Caspian_Tern_0101_145164.jpg
8426,144,144.Common_Tern,test,images\08426_Common_Tern_0009_149609.jpg
8519,145,145.Elegant_Tern,test,images\08519_Elegant_Tern_0082_150517.jpg
8474,145,145.Elegant_Tern,test,images\08474_Elegant_Tern_0085_151091.jpg
8539,146,146.Forsters_Tern,test,images\08539_Forsters_Tern_0041_149586.jpg
8527,146,146.Forsters_Tern,train,images\08527_Forsters_Tern_0068_152078.jpg
8594,147,147.Least_Tern,test,images\08594_Least_Tern_0116_153715.jpg
8602,147,147.Least_Tern,train,images\08602_Least_Tern_0062_153259.jpg
8646,148,148.Green_tailed_Towhee,train,images\08646_Green_Tailed_Towhee_0099_154882.jpg
8662,148,148.Green_tailed_Towhee,train,images\08662_Green_Tailed_Towhee_0024_154855.jpg
8708,149,149.Brown_Thrasher,train,images\08708_Brown_Thrasher_0030_155152.jpg
8712,149,149.Brown_Thrasher,test,images\08712_Brown_Thrasher_0057_155164.jpg
8717,149,149.Brown_Thrasher,train,images\08717_Brown_Thrasher_0112_155183.jpg
8768,150,150.Sage_Thrasher,test,images\08768_Sage_Thrasher_0036_796444.jpg
8769,150,150.Sage_Thrasher,train,images\08769_Sage_Thrasher_0076_796445.jpg
8780,150,150.Sage_Thrasher,test,images\08780_Sage_Thrasher_0022_155447.jpg
8826,151,151.Black_capped_Vireo,test,images\08826_Black_Capped_Vireo_0034_797448.jpg
8829,151,151.Black_capped_Vireo,train,images\08829_Black_Capped_Vireo_0039_797451.jpg
8877,152,152.Blue_headed_Vireo,train,images\08877_Blue_Headed_Vireo_0075_156181.jpg
8879,152,152.Blue_headed_Vireo,test,images\08879_Blue_Headed_Vireo_0022_156184.jpg
8888,152,152.Blue_headed_Vireo,test,images\08888_Blue_Headed_Vireo_0008_155950.jpg
8935,153,153.Philadelphia_Vireo,train,images\08935_Philadelphia_Vireo_0002_156591.jpg
8939,153,153.Philadelphia_Vireo,test,images\08939_Philadelphia_Vireo_0056_156502.jpg
8940,153,153.Philadelphia_Vireo,test,images\08940_Philadelphia_Vireo_0028_156510.jpg
8993,154,154.Red_eyed_Vireo,test,images\08993_Red_Eyed_Vireo_0052_157185.jpg
9000,154,154.Red_eyed_Vireo,train,images\09000_Red_Eyed_Vireo_0003_157226.jpg
9055,155,155.Warbling_Vireo,train,images\09055_Warbling_Vireo_0116_158740.jpg
9060,155,155.Warbling_Vireo,train,images\09060_Warbling_Vireo_0067_158283.jpg
9116,156,156.White_eyed_Vireo,train,images\09116_White_Eyed_Vireo_0094_158894.jpg
9123,156,156.White_eyed_Vireo,train,images\09123_White_Eyed_Vireo_0129_158823.jpg
9124,156,156.White_eyed_Vireo,test,images\09124_White_Eyed_Vireo_0132_158908.jpg
9175,157,157.Yellow_throated_Vireo,test,images\09175_Yellow_Throated_Vireo_0085_159580.jpg
9176,157,157.Yellow_throated_Vireo,test,images\09176_Yellow_Throated_Vireo_0013_159531.jpg
9177,157,157.Yellow_throated_Vireo,test,images\09177_Yellow_Throated_Vireo_0055_159532.jpg
9232,158,158.Bay_breasted_Warbler,train,images\09232_Bay_Breasted_Warbler_0026_159744.jpg
9235,158,158.Bay_breasted_Warbler,train,images\09235_Bay_Breasted_Warbler_0055_159740.jpg
9237,158,158.Bay_breasted_Warbler,train,images\09237_Bay_Breasted_Warbler_0062_159783.jpg
9238,158,158.Bay_breasted_Warbler,test,images\09238_Bay_Breasted_Warbler_0013_159787.jpg
9297,159,159.Black_and_white_Warbler,test,images\09297_Black_And_White_Warbler_0135_160334.jpg
9302,159,159.Black_and_white_Warbler,train,images\09302_Black_And_White_Warbler_0074_160361.jpg
9355,160,160.Black_throated_Blue_Warbler,test,images\09355_Black_Throated_Blue_Warbler_0113_161407.jpg
9356,160,160.Black_throated_Blue_Warbler,test,images\09356_Black_Throated_Blue_Warbler_0119_161416.jpg
9429,161,161.Blue_winged_Warbler,train,images\09429_Blue_Winged_Warbler_0034_161861.jpg
9433,161,161.Blue_winged_Warbler,test,images\09433_Blue_Winged_Warbler_0025_161873.jpg
9471,162,162.Canada_Warbler,test,images\09471_Canada_Warbler_0094_26880.jpg
9473,162,162.Canada_Warbler,test,images\09473_Canada_Warbler_0115_162309.jpg
9475,162,162.Canada_Warbler,test,images\09475_Canada_Warbler_0067_162314.jpg
9476,162,162.Canada_Warbler,test,images\09476_Canada_Warbler_0063_162324.jpg
9531,163,163.Cape_May_Warbler,train,images\09531_Cape_May_Warbler_0001_139008.jpg
9547,163,163.Cape_May_Warbler,test,images\09547_Cape_May_Warbler_0048_162915.jpg
9596,164,164.Cerulean_Warbler,train,images\09596_Cerulean_Warbler_0056_163339.jpg
9599,164,164.Cerulean_Warbler,test,images\09599_Cerulean_Warbler_0017_797198.jpg
9602,164,164.Cerulean_Warbler,test,images\09602_Cerulean_Warbler_0009_797201.jpg
9656,165,165.Chestnut_sided_Warbler,train,images\09656_Chestnut_Sided_Warbler_0124_164109.jpg
9659,165,165.Chestnut_sided_Warbler,test,images\09659_Chestnut_Sided_Warbler_0096_163672.jpg
9712,166,166.Golden_winged_Warbler,train,images\09712_Golden_Winged_Warbler_0060_164368.jpg
9717,166,166.Golden_winged_Warbler,test,images\09717_Golden_Winged_Warbler_0077_164432.jpg
9775,167,167.Hooded_Warbler,test,images\09775_Hooded_Warbler_0051_164892.jpg
9777,167,167.Hooded_Warbler,test,images\09777_Hooded_Warbler_0030_164897.jpg
9840,168,168.Kentucky_Warbler,train,images\09840_Kentucky_Warbler_0079_165339.jpg
9843,168,168.Kentucky_Warbler,test,images\09843_Kentucky_Warbler_0058_165441.jpg
9899,169,169.Magnolia_Warbler,train,images\09899_Magnolia_Warbler_0097_165455.jpg
9951,170,170.Mourning_Warbler,train,images\09951_Mourning_Warbler_0081_166434.jpg
9961,170,170.Mourning_Warbler,test,images\09961_Mourning_Warbler_0031_166494.jpg
9967,170,170.Mourning_Warbler,train,images\09967_Mourning_Warbler_0062_166531.jpg
10013,171,171.Myrtle_Warbler,train,images\10013_Myrtle_Warbler_0064_166679.jpg
10014,171,171.Myrtle_Warbler,train,images\10014_Myrtle_Warbler_0026_166680.jpg
10075,172,172.Nashville_Warbler,train,images\10075_Nashville_Warbler_0128_166444.jpg
10077,172,172.Nashville_Warbler,test,images\10077_Nashville_Warbler_0127_167494.jpg
10132,173,173.Orange_crowned_Warbler,train,images\10132_Orange_Crowned_Warbler_0080_167960.jpg
10192,174,174.Palm_Warbler,test,images\10192_Palm_Warbler_0051_169487.jpg
10195,174,174.Palm_Warbler,test,images\10195_Palm_Warbler_0002_169527.jpg
10196,174,174.Palm_Warbler,test,images\10196_Palm_Warbler_0050_170042.jpg
10248,175,175.Pine_Warbler,train,images\10248_Pine_Warbler_0007_171523.jpg
10251,175,175.Pine_Warbler,test,images\10251_Pine_Warbler_0005_171548.jpg
10253,175,175.Pine_Warbler,test,images\10253_Pine_Warbler_0119_171551.jpg
10312,176,176.Prairie_Warbler,test,images\10312_Prairie_Warbler_0037_172550.jpg
10313,176,176.Prairie_Warbler,test,images\10313_Prairie_Warbler_0108_172559.jpg
10315,176,176.Prairie_Warbler,train,images\10315_Prairie_Warbler_0007_173081.jpg
10369,177,177.Prothonotary_Warbler,test,images\10369_Prothonotary_Warbler_0102_174595.jpg
10371,177,177.Prothonotary_Warbler,test,images\10371_Prothonotary_Warbler_0105_174097.jpg
10375,177,177.Prothonotary_Warbler,train,images\10375_Prothonotary_Warbler_0063_173830.jpg
10429,178,178.Swainson_Warbler,train,images\10429_Swainson_Warbler_0025_794881.jpg
10441,178,178.Swainson_Warbler,train,images\10441_Swainson_Warbler_0044_794894.jpg
10446,178,178.Swainson_Warbler,train,images\10446_Swainson_Warbler_0051_794900.jpg
10484,179,179.Tennessee_Warbler,train,images\10484_Tennessee_Warbler_0074_175058.jpg
10489,179,179.Tennessee_Warbler,test,images\10489_Tennessee_Warbler_0039_174883.jpg
10490,179,179.Tennessee_Warbler,test,images\10490_Tennessee_Warbler_0002_174884.jpg
10544,180,180.Wilson_Warbler,train,images\10544_Wilson_Warbler_0089_175619.jpg
10547,180,180.Wilson_Warbler,test,images\10547_Wilson_Warbler_0127_175637.jpg
10551,180,180.Wilson_Warbler,test,images\10551_Wilson_Warbler_0019_175175.jpg
10604,181,181.Worm_eating_Warbler,test,images\10604_Worm_Eating_Warbler_0075_176045.jpg
10605,181,181.Worm_eating_Warbler,train,images\10605_Worm_Eating_Warbler_0082_176144.jpg
10609,181,181.Worm_eating_Warbler,train,images\10609_Worm_Eating_Warbler_0097_176010.jpg
10663,182,182.Yellow_Warbler,train,images\10663_Yellow_Warbler_0028_176391.jpg
10664,182,182.Yellow_Warbler,test,images\10664_Yellow_Warbler_0071_176655.jpg
10725,183,183.Northern_Waterthrush,test,images\10725_Northern_Waterthrush_0046_176984.jpg
10727,183,183.Northern_Waterthrush,train,images\10727_Northern_Waterthrush_0061_177172.jpg
10728,183,183.Northern_Waterthrush,train,images\10728_Northern_Waterthrush_0049_177173.jpg
10784,184,184.Louisiana_Waterthrush,test,images\10784_Louisiana_Waterthrush_0078_177444.jpg
10786,184,184.Louisiana_Waterthrush,test,images\10786_Louisiana_Waterthrush_0059_177449.jpg
10849,185,185.Bohemian_Waxwing,train,images\10849_Bohemian_Waxwing_0019_177684.jpg
10855,185,185.Bohemian_Waxwing,train,images\10855_Bohemian_Waxwing_0009_177972.jpg
10906,186,186.Cedar_Waxwing,test,images\10906_Cedar_Waxwing_0030_178202.jpg
10952,186,186.Cedar_Waxwing,test,images\10952_Cedar_Waxwing_0100_178643.jpg
10956,186,186.Cedar_Waxwing,train,images\10956_Cedar_Waxwing_0041_179183.jpg
10976,187,187.American_Three_toed_Woodpecker,test,images\10976_American_Three_Toed_Woodpecker_0019_179870.jpg
11009,187,187.American_Three_toed_Woodpecker,train,images\11009_American_Three_Toed_Woodpecker_0046_796153.jpg
11045,188,188.Pileated_Woodpecker,train,images\11045_Pileated_Woodpecker_0056_180094.jpg
11067,188,188.Pileated_Woodpecker,train,images\11067_Pileated_Woodpecker_0030_180208.jpg
11077,189,189.Red_bellied_Woodpecker,test,images\11077_Red_Bellied_Woodpecker_0079_181010.jpg
11073,189,189.Red_bellied_Woodpecker,train,images\11073_Red_Bellied_Woodpecker_0012_181765.jpg
11079,189,189.Red_bellied_Woodpecker,test,images\11079_Red_Bellied_Woodpecker_0025_180756.jpg
11188,190,190.Red_cockaded_Woodpecker,train,images\11188_Red_Cockaded_Woodpecker_0055_182520.jpg
11145,190,190.Red_cockaded_Woodpecker,test,images\11145_Red_Cockaded_Woodpecker_0061_794728.jpg
11194,191,191.Red_headed_Woodpecker,test,images\11194_Red_Headed_Woodpecker_0087_183271.jpg
11221,191,191.Red_headed_Woodpecker,train,images\11221_Red_Headed_Woodpecker_0095_183688.jpg
11259,192,192.Downy_Woodpecker,test,images\11259_Downy_Woodpecker_0132_184408.jpg
11266,192,192.Downy_Woodpecker,test,images\11266_Downy_Woodpecker_0082_183922.jpg
11257,192,192.Downy_Woodpecker,test,images\11257_Downy_Woodpecker_0059_184396.jpg
11265,192,192.Downy_Woodpecker,train,images\11265_Downy_Woodpecker_0049_183920.jpg
11314,193,193.Bewick_Wren,test,images\11314_Bewick_Wren_0060_185366.jpg
11316,193,193.Bewick_Wren,train,images\11316_Bewick_Wren_0042_184878.jpg
11318,193,193.Bewick_Wren,test,images\11318_Bewick_Wren_0070_184892.jpg
11375,194,194.Cactus_Wren,train,images\11375_Cactus_Wren_0086_185630.jpg
11379,194,194.Cactus_Wren,test,images\11379_Cactus_Wren_0027_185893.jpg
11431,195,195.Carolina_Wren,train,images\11431_Carolina_Wren_0024_186377.jpg
11434,195,195.Carolina_Wren,test,images\11434_Carolina_Wren_0080_186919.jpg
11435,195,195.Carolina_Wren,train,images\11435_Carolina_Wren_0058_186409.jpg
11498,196,196.House_Wren,train,images\11498_House_Wren_0046_187477.jpg
11499,196,196.House_Wren,test,images\11499_House_Wren_0064_187489.jpg
11500,196,196.House_Wren,train,images\11500_House_Wren_0117_187492.jpg
11556,197,197.Marsh_Wren,train,images\11556_Marsh_Wren_0118_188512.jpg
11560,197,197.Marsh_Wren,train,images\11560_Marsh_Wren_0075_188549.jpg
11564,197,197.Marsh_Wren,test,images\11564_Marsh_Wren_0053_188276.jpg
11612,198,198.Rock_Wren,train,images\11612_Rock_Wren_0059_188941.jpg
11617,198,198.Rock_Wren,train,images\11617_Rock_Wren_0125_188951.jpg
11621,198,198.Rock_Wren,train,images\11621_Rock_Wren_0118_188964.jpg
11669,199,199.Winter_Wren,train,images\11669_Winter_Wren_0095_189985.jpg
11677,199,199.Winter_Wren,train,images\11677_Winter_Wren_0103_189509.jpg
11679,199,199.Winter_Wren,test,images\11679_Winter_Wren_0083_190025.jpg
11731,200,200.Common_Yellowthroat,train,images\11731_Common_Yellowthroat_0077_190990.jpg
11735,200,200.Common_Yellowthroat,test,images\11735_Common_Yellowthroat_0039_190513.jpg
11736,200,200.Common_Yellowthroat,train,images\11736_Common_Yellowthroat_0003_190521.jpg
